Uuid,Void/Retire,Name,Concept Drug,Concept dosage form,Strength,_order:1000
676780ae-f43a-4da8-9afb-e43db7830e59,,Celecoxib 200mg,72c81a79-f281-40ac-a54c-bed78c89e385,164cd72a-b50d-41f5-b534-7baff3e434b9,200mg,
83d4ee6b-637a-4338-a4a8-525617e53f80,,Sodium Chloride 0.45%/1000ml,8ebe6adf-72e3-495e-860f-c4a71ffc8016,bd1b2599-84d2-4f33-ba25-4f6d42d147a5,0.45%/1000ml,
db1fe137-a3ee-4012-9df1-76293b95d705,,Sodium Chloride 0.9%/1000ml,8ebe6adf-72e3-495e-860f-c4a71ffc8016,bd1b2599-84d2-4f33-ba25-4f6d42d147a5,0.9%/1000ml,
a335fae7-71fd-425d-a4d6-c67f30b529b8,,Dextrose 10%/1000ml,49be9771-c89d-4b0d-a03c-ecd6283f0caa,bd1b2599-84d2-4f33-ba25-4f6d42d147a5,10%/1000ml,
eaffef22-af66-4e0c-bb1b-d6db06d327e4,,Dextrose 5%/1000ml,49be9771-c89d-4b0d-a03c-ecd6283f0caa,bd1b2599-84d2-4f33-ba25-4f6d42d147a5,5%/1000ml,
7e889280-f210-45f8-bedc-18a3118862c3,,Dextrose & Sodium Chloride 5%+0.2%/1000ml,8f29cfad-b34f-463b-b4f8-9ea56e4ea9d3,bd1b2599-84d2-4f33-ba25-4f6d42d147a5,5%+0.2%/1000ml,
d6dd3bae-8cb0-4ca9-8d8a-88faeda73871,,Dextrose & Sodium Chloride 5%+0.3%/1000ml,8f29cfad-b34f-463b-b4f8-9ea56e4ea9d3,bd1b2599-84d2-4f33-ba25-4f6d42d147a5,5%+0.3%/1000ml,
e7c3686c-1f14-480d-983e-94cf9d3ccfe4,,Dextrose & Sodium Chloride 5%+0.45%/1000ml,8f29cfad-b34f-463b-b4f8-9ea56e4ea9d3,bd1b2599-84d2-4f33-ba25-4f6d42d147a5,5%+0.45%/1000ml,
3f6f8971-69e2-48cd-a11e-4198c26e44cb,,Dextrose & Sodium Chloride 5%+0.9%/1000ml,8f29cfad-b34f-463b-b4f8-9ea56e4ea9d3,bd1b2599-84d2-4f33-ba25-4f6d42d147a5,5%+0.9%/1000ml,
cda5e8a5-6a28-41d6-96c1-0a5e8b986f68,,Dextrose 50%/50ml,49be9771-c89d-4b0d-a03c-ecd6283f0caa,bd1b2599-84d2-4f33-ba25-4f6d42d147a5,50%/50ml,
1a3d9c2d-7067-4d68-8f5c-70c4afea89d1,,Aciclovir 200mg,783aff6f-c427-4511-8df4-872b87fad050,fdbe907b-6abc-41dc-9599-2d84105e4063,200mg,
a43bee20-418c-4c5a-af26-879645670104,,Acide Ascorbique (Vit C) 500mg,b7bab21f-5d84-4e48-b056-bdc25e696365,fdbe907b-6abc-41dc-9599-2d84105e4063,500mg,
4274555e-9f6e-471e-a42d-1ef76255f9b8,,Acide Ascorbique (Vit C) 500mg/5ml,b7bab21f-5d84-4e48-b056-bdc25e696365,4d6a51aa-1c18-4757-bc40-9d9f567e31b8,500mg/5ml,
fac85220-003b-4f2c-a6d6-7acfe219d47d,,Acide Ascorbique (Vit C) 100mg/ml,b7bab21f-5d84-4e48-b056-bdc25e696365,7c46524c-a14f-43b6-b4b7-792cee31d8d5,100mg/ml,
60153e60-0b65-40f4-be54-2a02b92d2eba,,Acide Ascorbique (Vit C),b7bab21f-5d84-4e48-b056-bdc25e696365,bd1b2599-84d2-4f33-ba25-4f6d42d147a5,,
4881b787-630a-46e1-ad43-ddfc2b810da7,,Acide Folique 5mg,9486be67-f05f-44a3-8962-0746f0904f1b,fdbe907b-6abc-41dc-9599-2d84105e4063,5mg,
67869ec2-2ffd-4c3b-9a66-57f0fa15753a,,Acide Folique 5mg/5ml,9486be67-f05f-44a3-8962-0746f0904f1b,94ecbbb3-71b7-407b-bac4-3279abbf1b69,5mg/5ml,
98a03243-932c-4a96-8120-c77dc427bafa,,Adrenaline 1mg/ml,d770fc0a-1482-4078-b0cd-9a91d9afe0e5,bd1b2599-84d2-4f33-ba25-4f6d42d147a5,1mg/ml,
9d3a279a-6ac4-4185-b5d1-ccd640e0e384,,Albendazole 400mg,8f668b49-584f-4cba-b0f2-817a8aaf50c4,fdbe907b-6abc-41dc-9599-2d84105e4063,400mg,
063f0621-1c30-4f49-b0f9-d1791885bb0d,,Albendazole 400mg/10ml,8f668b49-584f-4cba-b0f2-817a8aaf50c4,4d6a51aa-1c18-4757-bc40-9d9f567e31b8,400mg/10ml,
f12e48f1-a606-4fd4-b3f9-7382e946fd7f,,Albumin 25%,ce130684-6cc5-4495-8c9e-24997c4d897f,bd1b2599-84d2-4f33-ba25-4f6d42d147a5,25%,
b7cc90fe-508e-404d-b932-4dc800ba538f,,Albuterol 2.5mg/3ml,445f380a-f693-4100-9c9a-e43b73635039,658c1b9c-51c8-4734-8bf2-80e750c7889f,2.5mg/3ml,
c2ade8a2-5b9f-4434-90f4-3a32cab73d1c,,Alcohol 70 degrees (70%),b2841832-add7-4c6d-aa6e-425b97bb717d,90a3f930-2eef-4a2e-8427-5359607c7b13,70 degrees (70%),
d8199934-82b6-4729-841d-22671539f6ea,,Aliments Suplementaires Prets a l'emploi (ASPE),c5032f5b-11b8-49f2-a183-bd3d3a95df31,6930bab0-e98b-4394-b149-db4c1c924528,,
ea3d813b-35a3-49ba-a619-27e6bfb853bf,,Aliments Suplementaires Prets a l'emploi (ATPE),c5032f5b-11b8-49f2-a183-bd3d3a95df31,6930bab0-e98b-4394-b149-db4c1c924528,,
ba9af153-d96e-4e67-be0b-b2fb3afec06d,,Aluminum & Magnesium hydroxide & Simethicone 550mg/15ml,861a302b-cb47-4fc4-82ac-65ba4e971ff9,4d6a51aa-1c18-4757-bc40-9d9f567e31b8,550mg/15ml,
50cd73f1-e43f-45ac-b34f-d592bbac462f,,Aminophyllin 100mg/5ml,92836bbe-aa15-458f-97d6-96da0a5a2345,bd1b2599-84d2-4f33-ba25-4f6d42d147a5,100mg/5ml,
45ddaf4f-067b-4ffc-903c-e928473a5481,,Amiodarone 200mg,24a723ac-3117-4772-aa2f-180bd7e2f026,fdbe907b-6abc-41dc-9599-2d84105e4063,200mg,
0442f73a-25e4-4d26-9775-67a14a9ba344,,Amiodarone 150mg/3ml,24a723ac-3117-4772-aa2f-180bd7e2f026,bd1b2599-84d2-4f33-ba25-4f6d42d147a5,150mg/3ml,
977c707e-5e5f-4fd2-ace2-a94ca337596d,,Amlodipine 10mg,93491208-5dc1-47e5-9f3c-7bf99919f13a,fdbe907b-6abc-41dc-9599-2d84105e4063,10mg,
bc1a0f9e-bf4a-458e-81e3-d47f6b84a4a5,,Amoxicillin 500mg,627a6041-ad81-4968-8adf-2f49aec4433b,fdbe907b-6abc-41dc-9599-2d84105e4063,500mg,
4223c03c-dd05-4a9f-8d91-af629b0ba4be,,Amoxicillin 125mg/5ml,627a6041-ad81-4968-8adf-2f49aec4433b,4d6a51aa-1c18-4757-bc40-9d9f567e31b8,125mg/5ml,
a624c1f2-4436-41db-9328-907214c484e7,,Amoxicillin 250mg/5ml,627a6041-ad81-4968-8adf-2f49aec4433b,4d6a51aa-1c18-4757-bc40-9d9f567e31b8,250mg/5ml,
df721c53-7c8a-460b-ae00-a4d6d9181e01,,Amoxicillin-Clavulanic acid 500mg+125mg,7d46eccd-e611-4476-a114-9abd22767947,fdbe907b-6abc-41dc-9599-2d84105e4063,500mg+125mg,
09b692c2-5deb-408b-967f-9f066228c58f,,Amoxicillin-Clavulanic acid 250+62.5mg/5ml,7d46eccd-e611-4476-a114-9abd22767947,4d6a51aa-1c18-4757-bc40-9d9f567e31b8,250+62.5mg/5ml,
465654ba-f8e2-46a2-847a-00c77fc78203,,Ampicillin 1g,f9f69437-669d-4a3e-930b-b36994a2f9d4,bd1b2599-84d2-4f33-ba25-4f6d42d147a5,1g,
0e25fe0f-0797-4720-8d70-fe657432b2b2,,Aspirin 81mg,09291895-fb7d-4989-9e31-723ab44856d2,fdbe907b-6abc-41dc-9599-2d84105e4063,81mg,
9dc4c548-53f2-477d-a24d-91d7c4e721ea,,Atropine 1mg/ml,b4dc0131-0a26-477c-806a-f690225194d6,bd1b2599-84d2-4f33-ba25-4f6d42d147a5,1mg/ml,
9779f643-b66c-4611-87ab-69fffb29f4a2,,Azithromycin 500mg,c3b264e0-8e01-42ee-a3b2-e2a357b73896,fdbe907b-6abc-41dc-9599-2d84105e4063,500mg,
7f70a6a9-5cec-4ec7-8358-195e2e9e6839,,Azithromycin 200mg/5ml,c3b264e0-8e01-42ee-a3b2-e2a357b73896,4d6a51aa-1c18-4757-bc40-9d9f567e31b8,200mg/5ml,
3ac047ce-7f47-4c7d-89f0-2020b604690c,,Vitamin B Complex,388ee6dc-41a5-478a-bc7c-2fdc9057ad23,bd1b2599-84d2-4f33-ba25-4f6d42d147a5,,
fbda4051-68b6-4424-b0d5-08da024d8928,,"Vitamin B Complex (B1, B6, B12) 500mg",ced8473f-fd48-4058-a44b-7d8fb1a28c31,fdbe907b-6abc-41dc-9599-2d84105e4063,500mg,
ba1ef865-1cba-49f5-925b-0913ac8994dd,,Benzathine PCN 2.4MUI,407ff256-aa15-4dac-92c1-8173ba46232c,bd1b2599-84d2-4f33-ba25-4f6d42d147a5,2.4MUI,
5c843719-12c2-4f92-a952-3037e3a7184c,,Benzyl benzoate 25%,1b296ced-55cc-48b7-96c3-9447267d1302,32b26cbd-818c-453c-8649-1cdc62e50d41,25%,
9583ae4d-da99-4daf-a059-5dc84304bee4,,Benzyl PCN 5MUI,2bcf9bff-87d5-4abc-b95b-e212f6861dc5,bd1b2599-84d2-4f33-ba25-4f6d42d147a5,5MUI,
85f5feb0-0ea2-4118-b5bb-868a6eb78e55,,Benzyl PCN Procaine 3MUI+1MUI,aee293c2-1ca7-413e-b85a-50ae41bc5305,bd1b2599-84d2-4f33-ba25-4f6d42d147a5,3MUI+1MUI,
320ac100-2a20-4b10-9569-89415bda266f,,Biperidene lactate 2mg,51aba50f-c957-494b-aae9-c8137e56d303,bd1b2599-84d2-4f33-ba25-4f6d42d147a5,2mg,
f3417290-fb56-4741-a079-e19b56c015d9,,Bisacodyl 10mg,93c9e6d7-71f0-4817-8e64-1c12469cff4c,fdbe907b-6abc-41dc-9599-2d84105e4063,10mg,
e5a53faf-eddc-4ec0-9e8d-0132bf1176d7,,Brimonidine tartrate 0.15%,3ea490ec-60e1-446e-83ca-6f5d1da8c2e6,7c46524c-a14f-43b6-b4b7-792cee31d8d5,0.15%,
fdd22e85-6d69-414e-bbc8-7a26d90a7c70,,Brimonidine & timolol 0.2%+0.5%,04c434fc-ab58-4a4f-84c5-18e6eaa08646,7c46524c-a14f-43b6-b4b7-792cee31d8d5,0.2%+0.5%,
91aea75e-2126-462a-88d8-1222399aa109,,Bupivacaine 0.5%,c7eb7c7d-55d5-4163-acc4-35b14b715a96,bd1b2599-84d2-4f33-ba25-4f6d42d147a5,0.50%,
7884e91b-9d0f-4d89-bb11-df9a4cd11d65,,Bupivacaine & glucose 0.5%+8.4%,bc09e8b4-cd8f-4ffc-ae74-5db1d76aed11,bd1b2599-84d2-4f33-ba25-4f6d42d147a5,0.5%+8.4%,
489a04d1-fb60-49e3-8d0c-79c676a3a751,,Calamine 8%,d08ec8fe-2d91-489f-a416-16af0a043b0b,32b26cbd-818c-453c-8649-1cdc62e50d41,8%,
c703930f-700a-4881-89e2-c1206e8053fe,,Calcium 500mg,0a1d2888-fd53-4031-9470-ca2140f997a9,fdbe907b-6abc-41dc-9599-2d84105e4063,500mg,
e2805e35-b1c6-4430-8626-7a21d8525958,,Calcium & vit 600mg,c731f7a1-669d-43fe-89b4-1cc4655c7156,fdbe907b-6abc-41dc-9599-2d84105e4063,600mg,
60e587d9-94a1-46c7-9f68-da7db6734af0,,Carvedilol 6.25mg,ba3cd2c4-d28f-4546-86d6-f6906fffc046,fdbe907b-6abc-41dc-9599-2d84105e4063,6.25mg,
679d044e-b569-499a-b279-9a004bdeb6be,,Carvedilol 25mg,ba3cd2c4-d28f-4546-86d6-f6906fffc046,fdbe907b-6abc-41dc-9599-2d84105e4063,25mg,
1da9b2dc-d74e-4ce5-bdba-c31a75409b12,,Cefalexin 500mg,1605530b-1d7a-4a66-bb68-9be3c40d0c74,fdbe907b-6abc-41dc-9599-2d84105e4063,500mg,
69ccc6d1-b1e7-402e-9691-3a41117497d2,,Cefalexin 250mg/5ml,1605530b-1d7a-4a66-bb68-9be3c40d0c74,4d6a51aa-1c18-4757-bc40-9d9f567e31b8,250mg/5ml,
dbd6d969-de0c-49fd-be95-49ff9be64752,,Cefotaxime 1g,a93ad5bd-6f39-45d1-8fa7-d21c5bbc7ddd,bd1b2599-84d2-4f33-ba25-4f6d42d147a5,1g,
06aa3154-6cfc-4208-a083-d0242d7f0511,,Ceftriaxone 1g,057a960e-04f9-45a2-a1c7-cabf440cdf15,bd1b2599-84d2-4f33-ba25-4f6d42d147a5,1g,
c9d9540c-80e0-49ee-8819-44811ecbb23e,,Charbon activé 260mg,ebe04ba6-768f-42e5-9933-a5449b51a210,164cd72a-b50d-41f5-b534-7baff3e434b9,260mg,
419d191c-4de1-46da-98c2-2b8680a0c20a,,Chlorhexidine,66010c7d-dd21-4f83-b950-e2fff1ff6a73,16b302c7-715f-46cb-b328-c91afad4ccc8,,
7f5e37b2-ee61-4c96-95f2-071c17aff8ee,,Chlorpromazine 25mg/ml,b50c9258-d3cc-43ea-9855-1c2b685f4aa9,bd1b2599-84d2-4f33-ba25-4f6d42d147a5,25mg/ml,
5beca5be-52fd-4f24-8693-3e8d0d7090d5,,Potassium Chloride 13.4meq%,a5547d6c-7e42-4a50-94e2-8e6e73aa6afe,bd1b2599-84d2-4f33-ba25-4f6d42d147a5,13.4meq%,
5a3dc378-df4f-4079-9a1e-a7ec2db6cf46,,Sodium Chloride 0.9% Nasal,8ebe6adf-72e3-495e-860f-c4a71ffc8016,7c46524c-a14f-43b6-b4b7-792cee31d8d5,0.90%,
78928edd-5b2f-4d45-9be3-b1f7dbf7dda9,,Ciprofloxacin 0.3%,a5a5aaf1-541e-4ca6-9753-bd4b0e479f81,7c46524c-a14f-43b6-b4b7-792cee31d8d5,0.30%,
4b6a0eea-3793-4d51-85f3-37c3e3fa3264,,Ciprofloxacin 500mg,a5a5aaf1-541e-4ca6-9753-bd4b0e479f81,fdbe907b-6abc-41dc-9599-2d84105e4063,500mg,
de257e4d-6efd-4fd7-8626-1e9da1d92d1a,,Ciprofloxacin 3mg/ml,a5a5aaf1-541e-4ca6-9753-bd4b0e479f81,7c46524c-a14f-43b6-b4b7-792cee31d8d5,3mg/ml,
043fd8b5-bdc1-4709-8152-44b99e1d433d,,Cisatracurium 10mg/ml,a67db321-80d4-41f0-be6a-24f50d11c804,bd1b2599-84d2-4f33-ba25-4f6d42d147a5,10mg/ml,
d23311cd-8ba0-440e-8aeb-5edf028a654f,,Clarithromycin 500mg,a4391c57-549b-4047-8971-c3fa72e140b5,fdbe907b-6abc-41dc-9599-2d84105e4063,500mg,
100d00db-d55b-4b26-b505-e18494ed5dff,,Clomifen citrate 50mg,f4392a22-8b70-44b1-ae74-78ea084b76ef,fdbe907b-6abc-41dc-9599-2d84105e4063,50mg,
72b81460-dc40-4996-8265-29726a7ca3e3,,Clopidogrel 75mg,cb8afacc-1b2c-493a-aad2-b67e69c73973,fdbe907b-6abc-41dc-9599-2d84105e4063,75mg,
84796f31-9a33-46d9-a9d4-630c97a25fac,,Cloxacillin 500mg,1b535529-68fb-4bb5-bb5a-202ec74efb1d,fdbe907b-6abc-41dc-9599-2d84105e4063,500mg,
1b7b9ec0-da07-4b7c-b24a-55bd405cd2e0,,Cloxacillin 500mg,1b535529-68fb-4bb5-bb5a-202ec74efb1d,bd1b2599-84d2-4f33-ba25-4f6d42d147a5,500mg,
54bf39ee-3100-4228-a5fc-d59c8c74fbcc,,Cloxacillin 250mg/5ml,1b535529-68fb-4bb5-bb5a-202ec74efb1d,4d6a51aa-1c18-4757-bc40-9d9f567e31b8,250mg/5ml,
315847c0-fd48-466e-abd5-53d5ba41d6d8,,Cortisone & antibio & antimycosique,28ed2e52-c83c-4956-95f2-0b4cf1c27655,0689bb6e-9371-4a0f-ad1c-63c135b1714d,,
0c6a3a7f-1541-4126-9c8e-b34cf981202e,,Co-trimoxazole 400mg+80mg,55e6671b-f5c3-4699-8b76-a7f59701d35b,fdbe907b-6abc-41dc-9599-2d84105e4063,400mg+80mg,
ab4f8fc9-2037-4ac8-a193-50b0afa1593c,,Co-trimoxazole 200mg+40mg/5ml,55e6671b-f5c3-4699-8b76-a7f59701d35b,4d6a51aa-1c18-4757-bc40-9d9f567e31b8,200mg+40mg/5ml,
60a6e0e5-20b2-4dce-b8da-c58192e587b3,,Cyclopentolate 2%,32ed8cb1-bc73-44aa-934d-bf7626154af8,7c46524c-a14f-43b6-b4b7-792cee31d8d5,2%,
d24c9dce-7321-42b6-a764-214c6c765a65,,Dextran in NaCl 0.9%,18b4fab2-68da-4ea4-9f05-4664ac6d855d,bd1b2599-84d2-4f33-ba25-4f6d42d147a5,0.90%,
cffce174-7730-4518-ab8c-ee3cf47c7951,,Diazepam 5mg,eab2bb93-b2d1-42ef-817e-1b47d79d76db,fdbe907b-6abc-41dc-9599-2d84105e4063,5mg,
fbe3915d-89c1-4afd-b452-7858473283da,,Diazepam 10mg/2ml,eab2bb93-b2d1-42ef-817e-1b47d79d76db,bd1b2599-84d2-4f33-ba25-4f6d42d147a5,10mg/2ml,
0831bd0d-4473-4428-b7fd-3b16353bb01f,,Diclofenac 75mg/3ml,391d02a4-2640-4d7b-900f-f74de8e1b6ed,bd1b2599-84d2-4f33-ba25-4f6d42d147a5,75mg/3ml,
1f5ecfe7-1363-4804-bd38-c8801203f27b,,Diclofenac 2%,391d02a4-2640-4d7b-900f-f74de8e1b6ed,44fc6700-a545-419e-a6b3-b882b6fc455c,2%,
7f069580-c3e3-4f38-8ffb-9886ef72b0b9,,Diclofenac co 50mg,391d02a4-2640-4d7b-900f-f74de8e1b6ed,fdbe907b-6abc-41dc-9599-2d84105e4063,50mg,
21d34038-3aae-4f35-9898-5e351c9299f2,,Digoxin 0.25mg,72005c75-6d84-468e-a28e-43ca17a7216a,fdbe907b-6abc-41dc-9599-2d84105e4063,0.25mg,
17c145ec-29b3-4237-abf9-b3d215e429cd,,Digoxin 0.05mg/ml,72005c75-6d84-468e-a28e-43ca17a7216a,16b302c7-715f-46cb-b328-c91afad4ccc8,0.05mg/ml,
3d66222c-c683-41d2-b1fb-dd5c52c6ea27,,Digoxin 0.25mg/ml,72005c75-6d84-468e-a28e-43ca17a7216a,bd1b2599-84d2-4f33-ba25-4f6d42d147a5,0.25mg/ml,
df9d6b72-cda1-412e-9bf8-fe284d9db9aa,,Dipirona (Dipyrone) 1g/2ml,34f39ebd-e88e-4b74-b384-60eb9b3370e8,bd1b2599-84d2-4f33-ba25-4f6d42d147a5,1g/2ml,
70c57795-acfa-4d36-a172-149e509784aa,,Dopamine 200mg/5ml,f1e6e3c0-acf9-478a-b69e-94cf54a0d45b,bd1b2599-84d2-4f33-ba25-4f6d42d147a5,200mg/5ml,
78247729-c4ab-4f6c-87dc-45057a38e46c,,Dorzolamine & timolol 25mg/ml,3d0fed4d-1fd4-44a4-99fd-d59401067134,7c46524c-a14f-43b6-b4b7-792cee31d8d5,25mg/ml,
fb7ddb9d-031b-4b9c-ab7e-b3946c4d9be5,,Doxycycline 100mg,b571adbe-388f-4219-be01-343738d3ed80,fdbe907b-6abc-41dc-9599-2d84105e4063,100mg,
6e50abf7-da9b-4a65-a7da-f9d5fbc181a4,,Enalapril 10mg,d612ddcc-9d3b-4489-97e1-22893c9735df,fdbe907b-6abc-41dc-9599-2d84105e4063,10mg,
abaf460e-aa00-40e2-aa9c-c06d7347fe13,,Enalapril 20mg,d612ddcc-9d3b-4489-97e1-22893c9735df,fdbe907b-6abc-41dc-9599-2d84105e4063,20mg,
72b5ba8c-4a01-4e5b-b214-f585d90187e0,,Enalapril 1mg/ml,d612ddcc-9d3b-4489-97e1-22893c9735df,16b302c7-715f-46cb-b328-c91afad4ccc8,1mg/ml,
864ceb78-f3f2-4743-b3cc-cdfcaba83d6a,,Enoxaparin 0.4mg/0.4ml,14146168-c1af-414c-b211-679cf1952d3d,bd1b2599-84d2-4f33-ba25-4f6d42d147a5,0.4mg/0.4ml,
d72e3084-f875-4535-9fe2-e83c557845f8,,Ephedrine 50mg/2ml,e198d906-4a82-42bb-bc03-38d8083ca324,bd1b2599-84d2-4f33-ba25-4f6d42d147a5,50mg/2ml,
4c5b81b3-1a33-49bc-a2da-847fe54ae887,,Erythromycin 500mg,404e784f-e4d8-427d-ad64-196348672168,fdbe907b-6abc-41dc-9599-2d84105e4063,500mg,
dee322b9-2dd6-4ad5-a09f-d97d3de87f79,,Erythromycin 250mg/5ml,404e784f-e4d8-427d-ad64-196348672168,4d6a51aa-1c18-4757-bc40-9d9f567e31b8,250mg/5ml,
695f8100-627f-4013-8150-5de957f701ca,,Esmolol 10mg/ml,62313920-a030-48fa-aa97-db7b3afadaba,bd1b2599-84d2-4f33-ba25-4f6d42d147a5,10mg/ml,
3fefb9ef-6753-4d23-8438-1c8bcd12ad30,,Etomidate 20mg/10ml,153a837f-9c6b-4011-b062-0add78571d1a,bd1b2599-84d2-4f33-ba25-4f6d42d147a5,20mg/10ml,
38aa1587-1fe6-4fc6-96c9-6f0c5de4bbeb,,Eucerin,cee47202-131e-46b9-8d23-3321cc03f750,32b26cbd-818c-453c-8649-1cdc62e50d41,,
2f16040d-1608-4fb1-902d-371bb4db0755,,Fenofibrate 40mg,1a615bb7-2fc4-419c-98b9-93f05e3953b8,164cd72a-b50d-41f5-b534-7baff3e434b9,40mg,
2a81086a-e99b-4599-80d8-dbfd7ffbec3a,,Fentanyl 0.1mg/2ml,12b05d95-1ff2-49bf-b09e-706681e2f2d0,bd1b2599-84d2-4f33-ba25-4f6d42d147a5,0.1mg/2ml,
0db9d429-6fbd-4b4a-a243-8588690b924f,,"Fer elementaire & Acide folique 25,1mg",d1274833-6c0e-480c-9c0a-b656156e6e7f,94ecbbb3-71b7-407b-bac4-3279abbf1b69,"25,1mg",
c278f65b-3ee4-48bb-a5a3-d01b05b19630,,Fer sulphate & Acide folique 200mg+0.25mg,d1274833-6c0e-480c-9c0a-b656156e6e7f,fdbe907b-6abc-41dc-9599-2d84105e4063,200mg+0.25mg,
01ec7cb4-9d19-4e04-851f-bf2581a565ae,,Ferrous sulphate,d49e1658-7a16-41d2-8937-4c785a8f6d4b,7c46524c-a14f-43b6-b4b7-792cee31d8d5,,
565de6fa-50ae-4b13-b4ef-4435ec3b0059,,Fluconazole 150mg,32d6f1a8-7a0d-46f7-845a-84e3a27e686e,fdbe907b-6abc-41dc-9599-2d84105e4063,150mg,
a2152270-e8c4-4992-a17f-33e2c0187772,,Flumazenil 0.1mg/ml,56a2f553-a2f8-4a85-b66d-b6d0db670515,bd1b2599-84d2-4f33-ba25-4f6d42d147a5,0.1mg/ml,
2ea2e3e5-e790-4633-93ac-d3372f1733bc,,Furosemide 10mg/ml,9f6c3927-2a31-485c-8735-f10b9951aef9,16b302c7-715f-46cb-b328-c91afad4ccc8,10mg/ml,
1c1125fc-55a3-4c37-9b52-fb11af3e7537,,Furosemide 40mg,9f6c3927-2a31-485c-8735-f10b9951aef9,fdbe907b-6abc-41dc-9599-2d84105e4063,40mg,
0f4d9fd2-5f3f-4f3c-af6e-81c0e8b8b4ab,,Furosemide 10mg/ml,9f6c3927-2a31-485c-8735-f10b9951aef9,bd1b2599-84d2-4f33-ba25-4f6d42d147a5,10mg/ml,
152242e1-6d06-455e-9b94-758b7fa4e3d5,,Gabapentin 300mg,0c0563de-cd06-49de-8b31-af79d668b81b,fdbe907b-6abc-41dc-9599-2d84105e4063,300mg,
d0c527e6-2627-4b1f-a91f-bd4deefdf184,,Gelofusine 4%,02a15b77-9093-4265-b422-4c4b218fc489,bd1b2599-84d2-4f33-ba25-4f6d42d147a5,4%,
7987b3a8-c74e-4aab-9467-ed0421e49cd5,,Gentamicin 80mg/2ml,9019b2e5-62fd-4238-b448-909a44f845ca,bd1b2599-84d2-4f33-ba25-4f6d42d147a5,80mg/2ml,
9cbe1fc5-d2a4-44cf-8d88-c3aa3a376bc8,,Glibenclamide 5mg,c1131909-2911-4aa2-8b6c-ae7927f0ee90,fdbe907b-6abc-41dc-9599-2d84105e4063,5mg,
78528c87-f57a-4e3f-affa-522167481547,,Gluconate de calcium 10%,9a318894-5341-424f-a4ed-98bea3a5e0ce,bd1b2599-84d2-4f33-ba25-4f6d42d147a5,10%,
26e8920f-3092-49a8-b0bc-d942791d0691,,Glycerin 1.4g,a90d51dd-bd38-4534-8ff6-d363d7f11fb0,ee68c384-e3d3-493b-937d-048ff58fb134,1.4g,
593b0116-e902-4d13-a4c4-ce48294da3d9,,Glycerin Adult,a90d51dd-bd38-4534-8ff6-d363d7f11fb0,ee68c384-e3d3-493b-937d-048ff58fb134,Adult,
e9399f39-10dd-4f01-901e-c6ab6fe714ad,,Glycopyrrolate 0.2mg/ml,9643b503-02ec-4fde-aeb1-a293dc8d7c75,bd1b2599-84d2-4f33-ba25-4f6d42d147a5,0.2mg/ml,
60f0c3c0-ae59-4a37-8bda-1e9e5ec94e61,,Griseofulvin 500mg,c9c0c627-7ba6-4880-a702-cfc985a296fa,fdbe907b-6abc-41dc-9599-2d84105e4063,500mg,
64e8f2e3-e70c-4184-9c73-178c806cf137,,Halperidol 5mg/ml,5831575c-89a8-45d5-a02e-ac194d70c064,bd1b2599-84d2-4f33-ba25-4f6d42d147a5,5mg/ml,
dd4c9418-b342-45da-81ae-937d3774b14e,,Heparin 5000unit/ml,d2b1ec52-b6e8-4646-be5b-6c5a850233b4,bd1b2599-84d2-4f33-ba25-4f6d42d147a5,5000unit/ml,
3b3fa759-b4c3-49e7-ab55-e78cb99af00c,,Hialorunate de sodium 4mg/ml,b07006a3-62c1-485a-b8ef-af0de629d04c,7c46524c-a14f-43b6-b4b7-792cee31d8d5,4mg/ml,
79b6d186-f048-456b-bd42-288140dfc6c9,,Hialorunate de sodium et oxymetazoline,bd8f1042-b1bd-4bb2-8b3b-fbda065e371f,7c46524c-a14f-43b6-b4b7-792cee31d8d5,,
65d25595-6ba0-44fd-b24e-967f9eba2a57,,Hydralazine 20mg/ml,b87151c8-136b-4986-90bd-ca472176a08c,bd1b2599-84d2-4f33-ba25-4f6d42d147a5,20mg/ml,
81eda018-b190-4e0b-89b6-cf8a814b0ea6,,Hydrochlorothiazide 25mg,8df288a5-9288-4ded-a862-ffb1ed062a12,fdbe907b-6abc-41dc-9599-2d84105e4063,25mg,
3d77613f-f1cf-4cb8-8820-00a0cc253f35,,Hydrochlorothiazide 50mg,8df288a5-9288-4ded-a862-ffb1ed062a12,fdbe907b-6abc-41dc-9599-2d84105e4063,50mg,
b4a0fca0-e65f-4185-bb39-f3a2c3402511,,Hydrocortisone 100mg,a2956625-0a07-48b7-9344-3cb707dcd542,bd1b2599-84d2-4f33-ba25-4f6d42d147a5,100mg,
3b5f874c-2bc8-427c-a627-e247920d8a95,,Hydrocortisone 1%,a2956625-0a07-48b7-9344-3cb707dcd542,0689bb6e-9371-4a0f-ad1c-63c135b1714d,1%,
3d076e94-51f8-4498-9940-54b507a09ef7,,Hydrocortisone hemorrhoidal,a2956625-0a07-48b7-9344-3cb707dcd542,32b26cbd-818c-453c-8649-1cdc62e50d41,,
5528d29e-c781-43e0-a8a8-7633553fb441,,Hydrogen Peroxide 3%,fd8e84b9-be65-4a8f-b5e1-1b0f80a09035,90a3f930-2eef-4a2e-8427-5359607c7b13,3%,
f278f3e4-bbc1-45ec-b3f7-5ea0825c1157,,Ibuprofen 400mg,ff5cdb18-0258-4467-bf1f-35c7b6339767,fdbe907b-6abc-41dc-9599-2d84105e4063,400mg,
de093236-bb2d-4309-9d4e-f85bb505042c,,Ibuprofen 100mg/5ml,ff5cdb18-0258-4467-bf1f-35c7b6339767,4d6a51aa-1c18-4757-bc40-9d9f567e31b8,100mg/5ml,
504e42d2-63c5-46db-8f3c-c7f6622d9303,,Immunoglobulines antirabiques 150ui/ml,7055f997-aef8-4c05-9b18-6e002c6add03,bd1b2599-84d2-4f33-ba25-4f6d42d147a5,150ui/ml,
890d42e5-32e2-4974-8650-6293fb138219,,Insulin 70 & 30 100ui/ml,aee5f376-e00c-46f3-83ef-3759e54f85a1,bd1b2599-84d2-4f33-ba25-4f6d42d147a5,100ui/ml,
e195d24a-f59b-47a7-b387-55af39e8b28f,,Insulin NPH 100ui/ml,468716a5-6e90-42c1-b870-59ae0911875a,bd1b2599-84d2-4f33-ba25-4f6d42d147a5,100ui/ml,
e0ed3ebe-6a19-4a61-9bb7-1bd76401c464,,Insulin regular 100ui/ml,ddc56548-b688-4cd2-9402-0e2058407877,bd1b2599-84d2-4f33-ba25-4f6d42d147a5,100ui/ml,
10f545ec-13d7-4bda-bc02-e8fe3e706ae0,,Isosorbide dinitrate 10mg,91e206fa-fc82-43e1-a72b-dd1653b41428,fdbe907b-6abc-41dc-9599-2d84105e4063,10mg,
3022d9a8-141f-4716-bce3-efd08fdb0342,,Ketamine 50mg/ml,bc2a1619-fd05-479e-a122-5de978ef114d,bd1b2599-84d2-4f33-ba25-4f6d42d147a5,50mg/ml,
a980a921-8d5d-4ab6-be31-a79b061333a2,,Ketoconazole 200mg,73e9e187-7164-4e0a-bb36-0a7178406288,fdbe907b-6abc-41dc-9599-2d84105e4063,200mg,
f471b1ee-1a65-4bb7-80c0-a3cbf7ac322e,,Ketoconazole 2% Cream,73e9e187-7164-4e0a-bb36-0a7178406288,0689bb6e-9371-4a0f-ad1c-63c135b1714d,2%,
d08e701b-a51e-4e7b-b176-64356c697380,,Ketoconazole 2% Shampoo,73e9e187-7164-4e0a-bb36-0a7178406288,90a3f930-2eef-4a2e-8427-5359607c7b13,2%,
a61df272-b181-435c-aa23-05aae8201a2a,,Ketorolac 0.5%,cecfff9f-6e73-4c65-b4a2-43883973b0c5,7c46524c-a14f-43b6-b4b7-792cee31d8d5,0.50%,
c67fe7b6-4830-49df-a5a1-c67abfa9a63b,,Labetalol 5mg/ml,f9c6a3f8-a5d0-4034-ac77-e413c4b3c620,bd1b2599-84d2-4f33-ba25-4f6d42d147a5,5mg/ml,
047aebf7-c1df-445a-8a67-7e820d2762d4,,Lactated Ringers 1000ml,b368b7f7-f87b-4414-9537-1f6bee82e448,bd1b2599-84d2-4f33-ba25-4f6d42d147a5,1000ml,
c84117a4-6e21-430b-9bf8-1d86b46766e7,,Lait therapeutique F100,13c78cde-f14e-4ce9-94db-67e549dc8903,dc6382df-6fc7-4700-bb93-b9b5dd5ee9c2,,
18e4b278-ee50-45cc-8d85-9d66292d4a03,,Lait therapeutique F75,13c78cde-f14e-4ce9-94db-67e549dc8903,dc6382df-6fc7-4700-bb93-b9b5dd5ee9c2,,
a4ce6caf-28a2-4350-a178-a169ed3c3c9a,,Latanoprost 5%,c2d40d92-735f-42fe-88e2-be50a53c8f97,7c46524c-a14f-43b6-b4b7-792cee31d8d5,5%,
d74151ee-046e-44f5-8f91-f68a8bf57441,,Levothyroxine 0.1mg(100mcg),e61d0a67-a5a6-44e7-8907-6a82d765ca1f,fdbe907b-6abc-41dc-9599-2d84105e4063,0.1mg(100mcg),
217e0970-4366-4091-a5c9-8f9f56e8090d,,Lidocaine 2%,4ceec0ac-5c27-4c46-bb21-73dde18d02bd,bd1b2599-84d2-4f33-ba25-4f6d42d147a5,2%,
621d2b23-742d-49bb-883e-0f76c826349a,,"Lidocaine & epinephrine dental 2%/1:80,000",5c07fc3a-5bcd-4282-9717-f0a3fbfe6f7e,bd1b2599-84d2-4f33-ba25-4f6d42d147a5,"2%/1:80,000",
b90b8b23-7ffc-41d4-a794-51f59cece2f4,,Loratadine 10mg,2950f6c0-e75a-458e-9585-4096b9c759bf,fdbe907b-6abc-41dc-9599-2d84105e4063,10mg,
9201973c-72fa-429f-9cef-aa75ee5d011f,,Loratadine 5mg/5ml,2950f6c0-e75a-458e-9585-4096b9c759bf,4d6a51aa-1c18-4757-bc40-9d9f567e31b8,5mg/5ml,
d20e3ab0-6297-4a6c-9eb9-7af5e9abc05f,,Losartan 25mg,502a66e9-2eb3-4e13-926f-57fe9d393a94,fdbe907b-6abc-41dc-9599-2d84105e4063,25mg,
75921f20-4011-4043-85af-b240b12eb30c,,Losartan 50mg,502a66e9-2eb3-4e13-926f-57fe9d393a94,fdbe907b-6abc-41dc-9599-2d84105e4063,50mg,
5cf41c92-7ffd-46c9-bb9a-1ffe35127fac,,Magnesium 250mg,0bdba7cc-fcd1-41e1-8f79-6407d2835a78,fdbe907b-6abc-41dc-9599-2d84105e4063,250mg,
e5b63fc9-ca90-4127-bfc9-7db224b730e6,,Magnesium sulfate 50%,0bdba7cc-fcd1-41e1-8f79-6407d2835a78,bd1b2599-84d2-4f33-ba25-4f6d42d147a5,50%,
0c4200a6-2fc2-4b19-8d88-6937fb3ed809,,Mannitol 20%,00fe2104-f143-4250-ab30-d22ca130e685,bd1b2599-84d2-4f33-ba25-4f6d42d147a5,20%,
8c8280d2-53ab-4b70-aac9-8c512653e3da,,Medroxyprogesterone 10mg,00e041c7-1731-4d0f-bf0d-980192ad38c1,fdbe907b-6abc-41dc-9599-2d84105e4063,10mg,
38f76f53-7209-40d4-8810-b04d21b24898,,Meperidine,89ed13af-d803-46dc-a1f2-3db6c5b8969b,bd1b2599-84d2-4f33-ba25-4f6d42d147a5,,
bc3ae66e-8e10-4578-a7f7-ff689c05867f,,Metformin 500mg,63aaaeba-9b3c-4ff5-9faf-522c10b6f54c,fdbe907b-6abc-41dc-9599-2d84105e4063,500mg,
96a77ccd-de13-456a-9f67-559902b9969e,,Metformin 850mg,63aaaeba-9b3c-4ff5-9faf-522c10b6f54c,fdbe907b-6abc-41dc-9599-2d84105e4063,850mg,
7d3d44c4-65d0-4223-99d6-fbafa52bfaa4,,Methyldopa 250mg,2abaf024-1a07-4828-ad80-cff39e62c1f4,fdbe907b-6abc-41dc-9599-2d84105e4063,250mg,
20a2cc9b-7d7b-460f-8092-79af1a36ce47,,Methylergometrine 250mcg,79ae8e90-0903-41fd-a727-deca362b1d2e,fdbe907b-6abc-41dc-9599-2d84105e4063,250mcg,
50e13421-a8e7-4c5e-a92d-b2251e86c764,,Methylergometrine 200mcg/ml,79ae8e90-0903-41fd-a727-deca362b1d2e,bd1b2599-84d2-4f33-ba25-4f6d42d147a5,200mcg/ml,
ef3cf453-1212-45bf-bbd2-b64790f50047,,Metoclopramide 10mg,fa2a3b41-e500-45cd-8f93-e7d77d5db398,fdbe907b-6abc-41dc-9599-2d84105e4063,10mg,
ef0d2140-6bb2-41ec-8734-e002b3d34cca,,Metoclopramide 5mg/ml,fa2a3b41-e500-45cd-8f93-e7d77d5db398,bd1b2599-84d2-4f33-ba25-4f6d42d147a5,5mg/ml,
ebd00b5b-25ca-47b1-9f0f-430a02774076,,Metronidazole Comprime 500mg,f9608d19-a304-4508-9074-4858cd3ccbed,fdbe907b-6abc-41dc-9599-2d84105e4063,500mg,
2067bd5d-bcb4-47a2-a3c0-bb28689a50c1,,Metronidazole 500mg,f9608d19-a304-4508-9074-4858cd3ccbed,bd1b2599-84d2-4f33-ba25-4f6d42d147a5,500mg,
4ee3e13f-7454-4fce-b2c6-2553fb092734,,Metronidazole 250mg/5ml,f9608d19-a304-4508-9074-4858cd3ccbed,4d6a51aa-1c18-4757-bc40-9d9f567e31b8,250mg/5ml,
c2ba92b3-0157-4178-b769-f9b5043fed8a,,Midazolam 5mg/5ml,75354dd0-4650-438e-a819-b1bee23e0f0e,bd1b2599-84d2-4f33-ba25-4f6d42d147a5,5mg/5ml,
99489c21-1dd5-498f-8020-7f9ad6915207,,Mineral oil,73bbac06-6b84-4d1c-b961-9fd6437ba89f,4f2360b0-19f0-4552-969a-cc9198db7af7,,
ed920938-ec0d-42a4-b72d-a6066c01422a,,Misoprostol 200mcg,eb3c251d-b345-4517-9438-8ffb9336ebc9,fdbe907b-6abc-41dc-9599-2d84105e4063,200mcg,
b241ff40-a86a-4b0e-8aea-263531e31913,,Morphine 10mg/ml,9c2f2f22-6e7a-464e-a8ca-129bc1fdf4b5,bd1b2599-84d2-4f33-ba25-4f6d42d147a5,10mg/ml,
ff804f6d-5a03-4594-aab2-5881afae7f09,,Morphine (Duramorph) 10mg/10ml,9c2f2f22-6e7a-464e-a8ca-129bc1fdf4b5,bd1b2599-84d2-4f33-ba25-4f6d42d147a5,10mg/10ml,
a4a3b7cd-daff-4edd-84ac-7baa870c98fa,,MTV & Fer gttes (pr neonato),9cf2bb23-9d7c-4281-862c-aa1e5ed94802,7c46524c-a14f-43b6-b4b7-792cee31d8d5,,
9a7db37d-ee14-4163-bb16-ff0a1b440996,TRUE,Multi vitamin & lysine,82cc193d-f772-4868-9c7f-5260500c7540,94ecbbb3-71b7-407b-bac4-3279abbf1b69,,
d4973169-6f6b-40c2-a65a-7794cca42413,,Multi vitamin adult,e770a760-5e8b-42d8-939f-c7b12ea3754f,fdbe907b-6abc-41dc-9599-2d84105e4063,,
d97c3dd4-24e4-4aaa-9ccb-33fe814b25b6,,Multivitamin gttes (pr neonato),564a7a84-148f-4814-a520-d0351dbea6dc,7c46524c-a14f-43b6-b4b7-792cee31d8d5,,
44d63ef0-962b-4c38-a615-dc9a57f1518f,,Naloxone 0.4mg/ml,77a46432-ce20-4aab-96dc-6a12feac08b4,bd1b2599-84d2-4f33-ba25-4f6d42d147a5,0.4mg/ml,
e57cfb3b-ac86-42bc-8ac9-fc6be0d105e2,,Neomycin & Bacitracin,dd850b07-d068-441b-a4e9-a806b4f8f004,44fc6700-a545-419e-a6b3-b882b6fc455c,,
f6cd224f-dad3-4ecb-97f9-f990ef985d6b,,Neostigmine 100mg/ml,86852158-699f-4522-af42-205a9bc758ca,bd1b2599-84d2-4f33-ba25-4f6d42d147a5,100mg/ml,
98ef1e2e-2a31-4603-80cb-0518a1c9fc7c,,Nicardipine 2.5mg/ml,428df146-4254-42d2-90cb-9a5d1bb95e3b,bd1b2599-84d2-4f33-ba25-4f6d42d147a5,2.5mg/ml,
f6e95bdf-4d2a-4f98-a0f6-2290622867cf,,Nifedepine IR or SR 20mg,0d935b47-6288-4856-b0b5-aa0f168dce69,fdbe907b-6abc-41dc-9599-2d84105e4063,20mg,
7253a79e-ece9-4276-ba32-950d2e350048,,Nitrofurantoin 100mg,64d72b1f-2585-48e2-b66a-0da320d068da,fdbe907b-6abc-41dc-9599-2d84105e4063,100mg,
116629a4-048e-408f-937f-2b3e77de6cdc,,Nitrofurasone & neomycin & dexamethasone (otofuran®),2f427b27-c1ba-43e8-a3e1-bda24d9ec103,7c46524c-a14f-43b6-b4b7-792cee31d8d5,,
892c268c-bf0a-43c7-a0e8-bbb6b727d772,,Nitroglycerin 100mg,4b0d1e15-abe9-4954-8a77-08c52f621a12,bd1b2599-84d2-4f33-ba25-4f6d42d147a5,100mg,
b3c17af9-ac75-4272-b76d-d505aaa6269d,,Nitroglycerin (glycerine trinitrate) 500mcg,b78b18d6-b1ac-48dc-8111-5ab4ba588514,89ab17f8-6545-4b3d-bf6a-ce5c1553ff89,500mcg,
3b26d511-ef39-403a-ae71-a9129e71e437,,Nitroprussiate 50mg/2ml,3009dd8b-d64f-44a0-ba23-2e33ca11279b,bd1b2599-84d2-4f33-ba25-4f6d42d147a5,50mg/2ml,
092c51ec-e424-4447-abcb-eee7a4ff3493,,Noradrenaline 4mg/4ml,70298171-26e2-4e1c-8b46-036b09e52af9,bd1b2599-84d2-4f33-ba25-4f6d42d147a5,4mg/4ml,
dd5de8d8-0f0d-4e4a-8e96-bd1a5cd7e116,,"Nystatin 100,000units",984a9a0b-13f6-4bb4-b55d-c51d5ce225c9,e946eb88-c6ce-481a-8f76-a979f684fada,"100,000units",
c495d19a-9878-474a-9164-03888a7742d5,,"Nystatin 100,000units/ml",984a9a0b-13f6-4bb4-b55d-c51d5ce225c9,4d6a51aa-1c18-4757-bc40-9d9f567e31b8,"100,000units/ml",
eedb9a42-360d-4fe1-806c-edffbfbd14a4,,"Nystatin 500,000units",984a9a0b-13f6-4bb4-b55d-c51d5ce225c9,fdbe907b-6abc-41dc-9599-2d84105e4063,"500,000units",
7ab133ec-f025-4708-80e6-c11670af8271,,"Nystatin & Metronidazole 1,000,000units/500mg",f9608d19-a304-4508-9074-4858cd3ccbed,e946eb88-c6ce-481a-8f76-a979f684fada,"1,000,000units/500mg",
781cda70-5c95-4639-9e03-2c28f276570c,,Ofloxacin 0.3%,3bb1e50f-7d8e-440e-8bc9-9736d147a5bd,7c46524c-a14f-43b6-b4b7-792cee31d8d5,0.30%,
94b0f7c9-6648-4da5-98d8-61988142eea4,,Omeprazole 20mg,df3f7c1f-dac8-429b-ba38-90d770c1253c,164cd72a-b50d-41f5-b534-7baff3e434b9,20mg,
6e7a4eed-c324-4d1e-a020-ddd791be2ee9,,Omeprazole 40mg,df3f7c1f-dac8-429b-ba38-90d770c1253c,bd1b2599-84d2-4f33-ba25-4f6d42d147a5,40mg,
830e96ba-e814-4091-8f5b-a0f6a48a14aa,,Ondansetron 4mg/2ml,c1c56699-79cd-4d37-9cbd-6166430b7948,bd1b2599-84d2-4f33-ba25-4f6d42d147a5,4mg/2ml,
1dd0ce18-6df8-40ae-bc13-21da3a71d8e5,,Oxytocin 10units,2a301cf3-7a51-487d-8a07-5f9db3baafd7,bd1b2599-84d2-4f33-ba25-4f6d42d147a5,10units,
db6a8397-962a-49ff-be8e-8045d1ddd4f9,,Paracetamol 500mg,9881091b-1802-4c62-8b80-a8fcb170b59f,fdbe907b-6abc-41dc-9599-2d84105e4063,500mg,
f926ab14-9e6e-491c-849f-1d6be509bd3a,,Paracetamol 120mg/5ml,9881091b-1802-4c62-8b80-a8fcb170b59f,4d6a51aa-1c18-4757-bc40-9d9f567e31b8,120mg/5ml,
a14e11e6-9e46-437d-932d-0d86bc5d1e7e,,Paracetamol 300mg,9881091b-1802-4c62-8b80-a8fcb170b59f,ee68c384-e3d3-493b-937d-048ff58fb134,300mg,
22b1fcb8-5a4c-41c1-9767-848f53d28309,,Paracetamol + chlorzoxasone 325mg+250mg,03fd8509-dd26-4e5f-bb17-70b66dcb5ad4,fdbe907b-6abc-41dc-9599-2d84105e4063,325mg+250mg,
1672fb6f-7e42-4368-9809-b8e19467eabe,,Paracetamol & codeine 500mg+30mg,2f24dfb3-a88d-435f-989d-12673a2a005b,fdbe907b-6abc-41dc-9599-2d84105e4063,500mg+30mg,
c7c422da-eca7-41a8-b720-92ba64b2584a,,Parenteral nutrition (peripheral at least),8f63ffb3-f3cc-4242-8de4-1c1b097a14ad,bd1b2599-84d2-4f33-ba25-4f6d42d147a5,,
e4699965-3b88-4f34-846f-eadf6011fb11,,"Permanganate potassium 1:10,000",5b1d3ede-3a08-4939-9b37-887bb63f68f9,90a3f930-2eef-4a2e-8427-5359607c7b13,"1:10,000",
dd2ec344-573b-48eb-bbd7-3ea3f2e96e78,,Petroleum,677d828f-8b7f-4fae-9391-f726b4eae941,44fc6700-a545-419e-a6b3-b882b6fc455c,,
37b9e9d7-80e4-4e33-a28f-dfaaeac01f41,,Phenobarbital 200mg/ml,94fad0f0-89b2-4489-9af0-043c4c40f529,bd1b2599-84d2-4f33-ba25-4f6d42d147a5,200mg/ml,
174254a5-014d-45fb-8f99-204ba798347e,,Phenobarbital 30mg,94fad0f0-89b2-4489-9af0-043c4c40f529,fdbe907b-6abc-41dc-9599-2d84105e4063,30mg,
12779edf-71ba-4967-8bb9-fa6aa52f1d2f,,Phenobarbital 20mg/5ml,94fad0f0-89b2-4489-9af0-043c4c40f529,4d6a51aa-1c18-4757-bc40-9d9f567e31b8,20mg/5ml,
8b997fb7-fc09-4a43-a7ef-95aa793db649,,Phenylephrine 10%,8d6744e1-4607-4cef-abd6-0827113e9cbe,7c46524c-a14f-43b6-b4b7-792cee31d8d5,10%,
b0e4c3e6-349e-4644-bf59-9144e9d9afcf,,Phenylephrine,8d6744e1-4607-4cef-abd6-0827113e9cbe,bd1b2599-84d2-4f33-ba25-4f6d42d147a5,,
eaf3bfb9-a151-40d6-a07f-115228bcb777,,Phenytoin 200mg/2ml,885e1f5c-ad78-4614-98a6-b03760030a11,bd1b2599-84d2-4f33-ba25-4f6d42d147a5,200mg/2ml,
b62299b8-7dab-439d-9d66-25c2fdf8d3ed,,Phenytoin 100mg,885e1f5c-ad78-4614-98a6-b03760030a11,fdbe907b-6abc-41dc-9599-2d84105e4063,100mg,
67f1d7b9-751b-42b6-a49a-e810effbed32,,Phytomenadione 10mg/ml,f2bbf84c-646b-40a6-8265-6f6f9de694ab,bd1b2599-84d2-4f33-ba25-4f6d42d147a5,10mg/ml,
81e89d1b-716f-47af-ac1b-27acd92ad211,,Pilocarpine 1%,975c29db-ab3a-4c08-a3fb-829f79a6a7e8,7c46524c-a14f-43b6-b4b7-792cee31d8d5,1%,
5c3cf4ab-ebac-474e-837f-9845dad85e06,,Potassium chloride,a5547d6c-7e42-4a50-94e2-8e6e73aa6afe,16b302c7-715f-46cb-b328-c91afad4ccc8,,
a6b4168f-9262-489c-a143-865c5ba3718e,,Povidone iodine 10%,f7ae1d83-7687-45da-8327-8bf5532618e9,90a3f930-2eef-4a2e-8427-5359607c7b13,10%,
8f3d62fe-6d62-4848-9c60-180232f5d6dc,,Prednisolone 1%,159bc783-b046-433f-93ef-9b33496f962e,7c46524c-a14f-43b6-b4b7-792cee31d8d5,1%,
0c238662-60f9-48ba-8bc4-218067839210,,Prednisolone 5mg,159bc783-b046-433f-93ef-9b33496f962e,fdbe907b-6abc-41dc-9599-2d84105e4063,5mg,
052758dc-68fc-454e-8a9a-fa0e18fb7f9a,,Prednisolone 15mg/5ml,159bc783-b046-433f-93ef-9b33496f962e,94ecbbb3-71b7-407b-bac4-3279abbf1b69,15mg/5ml,
e067ee9b-4f11-4fb2-a656-3c4a455b5176,,Promethazine 25mg,983d2877-a259-4a77-8f0e-985e5b97fec7,fdbe907b-6abc-41dc-9599-2d84105e4063,25mg,
263b5f58-0e4e-4bc7-a16f-8da4b89182dd,,Promethazine 50mg/2ml,983d2877-a259-4a77-8f0e-985e5b97fec7,bd1b2599-84d2-4f33-ba25-4f6d42d147a5,50mg/2ml,
334ec069-30f1-4a64-b0a3-4786eea77a73,,Propafenone 300mg,1fe88165-4877-427f-846e-b3b310039f15,fdbe907b-6abc-41dc-9599-2d84105e4063,300mg,
35d6f663-5bd7-4a05-8121-5cc3c15e1e87,,Propofol 10mg/ml,ed70dd9f-fa19-48e9-9218-ce2998c63c49,bd1b2599-84d2-4f33-ba25-4f6d42d147a5,10mg/ml,
8080d6ef-9eb9-4f25-a4a0-4c4be9f9f19f,,Propranalol 20mg/5ml,40e6108c-3561-4478-9df7-e5385277edd4,16b302c7-715f-46cb-b328-c91afad4ccc8,20mg/5ml,
004c4730-9b3a-49cc-80f1-cf8cf9158ae0,,Propranalol 40mg,40e6108c-3561-4478-9df7-e5385277edd4,fdbe907b-6abc-41dc-9599-2d84105e4063,40mg,
03dd0b89-81ad-4a71-abf8-776279eed4bc,,Propylthiouracil 50mg,5f373a4f-5793-4660-9868-87df0eca033a,fdbe907b-6abc-41dc-9599-2d84105e4063,50mg,
081940cf-c399-4616-b7cc-3dff240b0a6b,,Protamine sulfate 50mg/5ml,3ea17ac3-945f-48aa-a651-cd61ee838e97,bd1b2599-84d2-4f33-ba25-4f6d42d147a5,50mg/5ml,
6e17186b-b4fe-48b1-9265-49195beb0251,,Proteines,d58883a6-cd22-4d66-96dc-a2d3eace3d2e,dc6382df-6fc7-4700-bb93-b9b5dd5ee9c2,,
f378573f-cc58-48ba-9bec-0d249bb459ac,,Pyridoxine (Vitamin B6) 50mg,14f9dc07-8881-41fe-aee6-0f2ab502d0c3,fdbe907b-6abc-41dc-9599-2d84105e4063,50mg,
548f5b45-a6e8-46d1-a3f7-a29e4af98759,,Quinine sulfate 600mg/2ml,36d8bcf5-01f1-4c60-ac78-a7b5ccd31f2d,bd1b2599-84d2-4f33-ba25-4f6d42d147a5,600mg/2ml,
59def302-87ca-4970-83ba-50e37d0f73af,,"Retinol (Vitamin A) 200,000units",54528cf8-0022-4f32-a038-cbb2d5965ae5,164cd72a-b50d-41f5-b534-7baff3e434b9,"200,000units",
358d4613-51c0-4ac4-8390-c652f3ce881d,,Rocuronium 10mg/ml,f296897c-9b91-41e7-9af0-46a3ac07b9ce,bd1b2599-84d2-4f33-ba25-4f6d42d147a5,10mg/ml,
813834ff-b5b5-4356-9d5d-aa50b15fd40d,,Salbutamol 100mcg/dose,9088359a-587f-4dbc-b13e-b3c38a07cd85,658c1b9c-51c8-4734-8bf2-80e750c7889f,100mcg/dose,
3e54ff66-0f92-464d-a483-59106d92e3be,,Salbutamol 4mg,9088359a-587f-4dbc-b13e-b3c38a07cd85,fdbe907b-6abc-41dc-9599-2d84105e4063,4mg,
8f9e67c9-816b-4beb-9c23-b275fddfd277,,Sel de rehydratation oral,98764756-01cd-4a55-a339-b33ab13c4b46,21a24b68-083e-4227-93d4-9faa02b5da7b,,
23be721f-25d7-43d7-a87b-4de2f4e861d1,,Serum antitetatique 1500ui/ml,facb9b18-efad-4c4f-8855-0d20316a9326,bd1b2599-84d2-4f33-ba25-4f6d42d147a5,1500ui/ml,
f076ed22-4af8-4fbe-8bb6-d8e430514dd0,,Sevoflurane,0aa49771-8ef2-49cb-aa5d-0e2c842a0a1b,658c1b9c-51c8-4734-8bf2-80e750c7889f,,
06b92e28-5c2e-494b-af58-29bc5077cae6,,Sildenafil 50mg,3ab0a0ea-241d-42f4-8f86-b256c848f947,fdbe907b-6abc-41dc-9599-2d84105e4063,50mg,
243c15e4-8313-4ed5-9b89-1bd38eaf6dcb,,Silver sulfadiazine 1%,89e4c545-85af-4d9c-9e8c-c8e54f815cf0,0689bb6e-9371-4a0f-ad1c-63c135b1714d,1%,
9e7e2f44-aa5e-4bf5-b840-0bab5a417d63,,Simvastatin 20mg,3cba8193-4ffd-4cc3-828b-3269da016da5,fdbe907b-6abc-41dc-9599-2d84105e4063,20mg,
61f86387-4fe0-4fb2-8d9d-2538630702ac,,Simvastatin 40mg,3cba8193-4ffd-4cc3-828b-3269da016da5,fdbe907b-6abc-41dc-9599-2d84105e4063,40mg,
0f493ad2-c0bf-49d9-97c2-13184dfbc073,,Sodium bicarbonate 8.4%,800bb234-aabc-449c-ad8e-7510446dc1b1,bd1b2599-84d2-4f33-ba25-4f6d42d147a5,8.40%,
b10708fc-c53f-40b1-bd7e-7744a3950177,,Sodium chloride 5% Opht,8ebe6adf-72e3-495e-860f-c4a71ffc8016,7c46524c-a14f-43b6-b4b7-792cee31d8d5,,
ff403e08-5eea-451c-9a83-465b5c826713,,Sodium phosphate (Fleet's) 26g/118ml,ecff0e05-2d5d-40b8-8112-22ee733b17a1,90a3f930-2eef-4a2e-8427-5359607c7b13,26g/118ml,
3a3f865b-6480-43f3-9536-4265e5a7b359,,Spironolactone 25mg,d4c72168-24b0-4d22-ba60-848e7c146333,fdbe907b-6abc-41dc-9599-2d84105e4063,25mg,
ae2addbd-31fb-4c2e-ae13-5be59fcd54af,,Streptokinase 1500000ui,fb7fc6f2-d105-4063-a35a-113e71857c5a,bd1b2599-84d2-4f33-ba25-4f6d42d147a5,1500000ui,
48170ce4-96e3-4201-8ac9-565348514dfc,,Succinylcholine 20mg/ml,20cd9b9c-9821-43f9-b6e7-531796b7a624,bd1b2599-84d2-4f33-ba25-4f6d42d147a5,20mg/ml,
2579ac31-960d-4bc3-83d2-14e160bebddc,,Tamoxifen 20mg,c02185e2-eee3-4f1a-bb99-501d565499cd,fdbe907b-6abc-41dc-9599-2d84105e4063,20mg,
2a718fa1-5370-42e5-9c38-5f91774a241c,,Tetracycline 1%,56b34ea9-95f6-42ea-a582-fc513494602e,32b26cbd-818c-453c-8649-1cdc62e50d41,1%,
4883bd3f-bfbf-480d-b245-ccfbf13fec91,,Thiopental 1g,1f70df91-2f8e-4d68-a40f-a2a47a2c2761,bd1b2599-84d2-4f33-ba25-4f6d42d147a5,1g,
08c5da00-8f92-48e6-bfb2-e6a6be3cb1f9,,Timolol 5%,23df848e-435a-4f8a-b6bc-27235b98e018,7c46524c-a14f-43b6-b4b7-792cee31d8d5,5%,
45e8ead1-0954-45c2-9f9a-3c0136d54f2f,,Tobramycin 3mg/ml,d22ab275-609b-458b-ba00-b9697af0bd41,7c46524c-a14f-43b6-b4b7-792cee31d8d5,3mg/ml,
c00734a9-82f0-4f0f-91c3-39c4db457c1c,,Tobramycin & Dexa 4mg/ml,587a6e6e-3675-4c92-bac0-a5c99ce1425e,7c46524c-a14f-43b6-b4b7-792cee31d8d5,4mg/ml,
54c54a33-aaa6-4de0-bd91-69cb12b3f9a0,,Tobramycin & Dexa 4mg/g,587a6e6e-3675-4c92-bac0-a5c99ce1425e,32b26cbd-818c-453c-8649-1cdc62e50d41,4mg/g,
27becf5b-1d28-403f-8ba0-5b1ac294232b,,Tocopherol 400ui,a52f6561-87d2-4f1c-b173-42ed8d27aaa7,164cd72a-b50d-41f5-b534-7baff3e434b9,400ui,
e7c9e967-deb8-4eea-ba29-e681b9655c8c,,Tramadol 50mg,34daf0c8-739f-4649-9d96-b45a32a233d6,fdbe907b-6abc-41dc-9599-2d84105e4063,50mg,
e4787ca5-462c-47b5-8657-39c277ac12e3,,Tramadol 50mg/ml,34daf0c8-739f-4649-9d96-b45a32a233d6,bd1b2599-84d2-4f33-ba25-4f6d42d147a5,50mg/ml,
cd98c37e-9221-4b60-bbc4-bec32b0767f5,,Triamcinolone 10mg/ml,89c0742a-477b-4292-bf7d-b9e57aa002f0,bd1b2599-84d2-4f33-ba25-4f6d42d147a5,10mg/ml,
8aa13fdd-1abc-493c-99a8-a4a2da12fba6,,Vancomycin 1g,41f47998-29ae-4f21-ad8c-32c50d0939f6,bd1b2599-84d2-4f33-ba25-4f6d42d147a5,1g,
18fa26d4-fc8f-41b0-ae93-7b9fd8ea8e29,,Vasopressin 20ui/ml,fb9b6f7f-af33-4988-8865-7e2b7ea20f92,bd1b2599-84d2-4f33-ba25-4f6d42d147a5,20ui/ml,
68b0d0d7-7e03-403d-99a8-795191ced670,,Vitamine A et D 1200ui,f2300d2e-7751-4504-aff4-7d8f68e14165,164cd72a-b50d-41f5-b534-7baff3e434b9,1200ui,
9eb46be1-ee3d-4e41-b548-5b953362e2e5,,Warfarin 5mg,5e97fe35-58df-4925-bba7-7c49d75268a1,fdbe907b-6abc-41dc-9599-2d84105e4063,5mg,
f26a76b7-ea31-427f-b21b-08668896ec14,,Zinc,a7587ce7-f402-4ee3-b36b-4ab78d93d221,44fc6700-a545-419e-a6b3-b882b6fc455c,,
cc804924-5c2e-4639-8ebe-a2b047b99bba,,Zinc 50mg,a7587ce7-f402-4ee3-b36b-4ab78d93d221,fdbe907b-6abc-41dc-9599-2d84105e4063,50mg,
4e4c63ec-cd3a-4357-91cf-8ca259b42166,,Zinc 10mg/ml,a7587ce7-f402-4ee3-b36b-4ab78d93d221,16b302c7-715f-46cb-b328-c91afad4ccc8,10mg/ml,
5f29e39a-ba67-4a8a-881d-21f0ebf762cb,,Celecoxib 100mg,72c81a79-f281-40ac-a54c-bed78c89e385,164cd72a-b50d-41f5-b534-7baff3e434b9,100mg,
d620450c-ef2c-4648-bf7e-32d8d797b943,,Dexamethasone 8mg/2ml,e4a0426a-4235-416d-8089-84ae113808d6,bd1b2599-84d2-4f33-ba25-4f6d42d147a5,8mg/2ml,
09e7f488-aeb8-4a25-833e-783c137e6086,,Someticone 50mg/ml,136d7f67-07d7-48f3-9bc8-8b275f0d45c3,7c46524c-a14f-43b6-b4b7-792cee31d8d5,50mg/ml,
98ab94bf-3aee-4608-a46f-5cd3b855fe9f,,Someticone Comprimé 150mg,136d7f67-07d7-48f3-9bc8-8b275f0d45c3,fdbe907b-6abc-41dc-9599-2d84105e4063,150mg,
1a95b2f1-ad8f-4834-8b67-03f57be17fcc,,B Complex Sirop 92.5mg/5ml,836b7f4c-9e3c-4a53-bb08-ab8990b5b9d8,94ecbbb3-71b7-407b-bac4-3279abbf1b69,92.5mg/5ml,
f73258cd-0903-411e-8c75-fc1d0cbc107f,,Chloroquine Phosphate Sirop 50mg/ml,7c929bab-b652-4ef1-b0de-6d98c6cee180,94ecbbb3-71b7-407b-bac4-3279abbf1b69,50mg/ml,
3cab46c2-40ba-4019-900e-4b2e527295e0,,Chloroquine Phosphate Comprimé 250mg,7c929bab-b652-4ef1-b0de-6d98c6cee180,fdbe907b-6abc-41dc-9599-2d84105e4063,250mg,
188e709e-fe0a-47a2-95ba-08e362dbd82d,,Primoquine Comprimé 7.5mg,bb9c9e33-00db-4f9f-b230-adde3df9b092,fdbe907b-6abc-41dc-9599-2d84105e4063,7.5mg,
012f33b4-6024-4eb3-b510-755c134c1c7d,,Dyphenhydramine Injectable 20mg/2ml,497457dc-48c1-40f9-8261-0bd9f4bf6b21,bd1b2599-84d2-4f33-ba25-4f6d42d147a5,20mg/2ml,
66bcdb9d-b088-4977-a410-23bb7a56ad29,,Hyoscine Butylbromide Injectable 20mg/ml,44dbd31a-7c2d-422d-b584-004532e4aaff,bd1b2599-84d2-4f33-ba25-4f6d42d147a5,20mg/ml,
4311ad61-6df1-4528-b989-0aa508fc758b,,Hyoscine Butylbromide Comprimé 10mg,44dbd31a-7c2d-422d-b584-004532e4aaff,fdbe907b-6abc-41dc-9599-2d84105e4063,10mg,
3a720e2b-42f7-4971-93f3-9a095def5dd2,,Multivit & Lysine Sirop Enfant,82cc193d-f772-4868-9c7f-5260500c7540,94ecbbb3-71b7-407b-bac4-3279abbf1b69,,
a1ff1205-12ea-4511-b5c6-18eb16c4b6b2,,Multivit & Lysine Sirop Adulte,82cc193d-f772-4868-9c7f-5260500c7540,94ecbbb3-71b7-407b-bac4-3279abbf1b69,,
5e1caf80-3119-4ae8-a281-e83fe348963c,,Hyoscine Butylbromide Sirop 10mg/5ml,44dbd31a-7c2d-422d-b584-004532e4aaff,94ecbbb3-71b7-407b-bac4-3279abbf1b69,10mg/5ml,
d851d665-4b06-4905-88b9-38ad26a50ea8,,Bromhexine Sirop 4mg/5ml,7736310e-38d7-4a06-804b-086874b76876,94ecbbb3-71b7-407b-bac4-3279abbf1b69,4mg/5ml,
c109ae6a-9002-43ce-87c8-b1d29d5dd661,,Eucalyptus & Diphenhydramine & Phenylephrine Sirop 22mg/5ml,48bcdab5-adb0-4229-aef3-1168a51c2932,94ecbbb3-71b7-407b-bac4-3279abbf1b69,22mg/5ml,
637499ff-1c54-4722-ba57-3e41b3d22a49,,Permethrin Cream 5%,6315c226-01f6-4c59-9332-74f5347c3ef7,0689bb6e-9371-4a0f-ad1c-63c135b1714d,,
17f3e82f-279b-4657-bcb9-6361ad59e0e7,,Silver Nitrate Pencil 75%,984e4058-d87f-489f-a28d-138c90565666,0689bb6e-9371-4a0f-ad1c-63c135b1714d,75%,
10a9b381-7926-459c-94ff-c81440430fbf,,Acide Ascorbique (Vit C) 1000mg,b7bab21f-5d84-4e48-b056-bdc25e696365,fdbe907b-6abc-41dc-9599-2d84105e4063,1000mg,
9241d8ee-2fa4-4965-a6ca-8426beffe8a2,,Acide borique & Antipyrine & Ephedrine 33.65mg/ml,a546446e-e789-4d02-b02f-c938c6bd373f,7c46524c-a14f-43b6-b4b7-792cee31d8d5,33.65mg/ml,
de4c409b-7d37-48a7-aecc-302189d4ab03,,Acide borique & Antipyrine & Benzocaine 80mg/ml,07470e7f-f959-4344-89f6-8e6a0f442bef,7c46524c-a14f-43b6-b4b7-792cee31d8d5,80mg/ml,
54e2bf22-e7dc-48d5-9ee1-8132e1a354c7,,Acide tranexamique 1g/4ml,c6557538-cc7e-4ca8-bfeb-80ff5c4f4976,bd1b2599-84d2-4f33-ba25-4f6d42d147a5,1g/4ml,
965fc5df-774b-490b-a9cf-612edca52e4f,,Amlodipine 5mg,93491208-5dc1-47e5-9f3c-7bf99919f13a,fdbe907b-6abc-41dc-9599-2d84105e4063,5mg,
82548b8c-8d07-4fe2-93e8-b63ec27dfb86,,Atenolol 50mg,316441ec-c0fd-44bc-a040-c68f4da8d228,fdbe907b-6abc-41dc-9599-2d84105e4063,50mg,
4000acbf-d913-4347-8367-7d14c468e125,,Belladone & phenobarbital 16.3mg/5ml,252159dc-3a8c-4587-801f-762118de992c,4d6a51aa-1c18-4757-bc40-9d9f567e31b8,16.3mg/5ml,
3d3593c6-64af-4046-891b-260c03b6fcfb,,Bisacodyl 5mg,93c9e6d7-71f0-4817-8e64-1c12469cff4c,fdbe907b-6abc-41dc-9599-2d84105e4063,5 mg,
8fcc5efa-8e63-46a9-87a7-6473a4d87722,,Bromexine & Salbutamol 8mg/5ml,1dd509c8-b38b-4e7e-abde-8fc87652efc5,4d6a51aa-1c18-4757-bc40-9d9f567e31b8,8mg/5ml,
02d20ad9-c903-45b4-bd68-6791dfa2b83e,,Budenoside 0.5mg/2ml,7e31f224-d756-41e6-9fd0-eb5ce3985460,658c1b9c-51c8-4734-8bf2-80e750c7889f,0.5mg/2ml,
255fade8-42eb-4f96-a3a3-ee6194f2dab2,,Budenoside 32mcg/spray,7e31f224-d756-41e6-9fd0-eb5ce3985460,716bb258-188b-4eb9-95f7-e9ee2536c121,32mcg/spray,
354b818c-3ec1-4099-bb80-a473305c31f2,,Chlorhexidine 0.20%,66010c7d-dd21-4f83-b950-e2fff1ff6a73,90a3f930-2eef-4a2e-8427-5359607c7b13,0.20%,
06d7c68a-f4ba-45e0-af70-05f13c893562,,Chlorure de potassium 20meq/15ml,a5547d6c-7e42-4a50-94e2-8e6e73aa6afe,4d6a51aa-1c18-4757-bc40-9d9f567e31b8,20 meq/15ml,
c2ff4dc4-296e-402d-be59-5c1c8ba1d1cf,,Clarythromycin 250mg/5ml,a4391c57-549b-4047-8971-c3fa72e140b5,4d6a51aa-1c18-4757-bc40-9d9f567e31b8,250mg/5ml,
86475cff-909d-4683-9691-01afc90b2255,,Clotrimazole crème vaginale 1%,895ae798-25af-4232-b4a1-942b11abd446,0689bb6e-9371-4a0f-ad1c-63c135b1714d,1%,
919ec951-acfa-400f-a5f7-05d089325ee1,,Clotrimazole ovule vaginale 500mg,895ae798-25af-4232-b4a1-942b11abd446,e946eb88-c6ce-481a-8f76-a979f684fada,500mg,
2410129b-9e88-4ea8-82b2-136a8040156a,,Cloxacillin 125mg/5ml,1b535529-68fb-4bb5-bb5a-202ec74efb1d,4d6a51aa-1c18-4757-bc40-9d9f567e31b8,125mg/5ml,
4a21b3b6-eeca-4966-825f-24775bc1a2a2,,Desqualinium & lidocaine (anginova) 250mcg,8f8920be-f144-4fba-b4db-d32940dcea04,fdbe907b-6abc-41dc-9599-2d84105e4063,250mcg,
cd83e9cb-9e39-4e03-b940-4d77a8bec359,,Dexamethasone 0.4mg,e4a0426a-4235-416d-8089-84ae113808d6,fdbe907b-6abc-41dc-9599-2d84105e4063,0.4mg,
402f3ad8-4bed-4e5b-8ae9-441bfbe18ff9,,Diclofenac & B complex 550mg,05130695-8005-4d57-a803-111265f0f4c1,fdbe907b-6abc-41dc-9599-2d84105e4063,550mg,
edef1db4-393d-487e-9c10-3aea618094bb,,Diclofenac & Methocarbamol & paracetamol 875mg,66c997ab-d252-43e5-94ca-b5925a60fdbb,fdbe907b-6abc-41dc-9599-2d84105e4063,875mg,
0232ca2b-d955-40cb-80b9-09fbb9fb59f3,,Digoxin 0.05mg/ml,72005c75-6d84-468e-a28e-43ca17a7216a,16b302c7-715f-46cb-b328-c91afad4ccc8,0.05 mg/ml,
eafe6dc2-dae7-46ba-b363-61b994785f59,,Diosmine/Hesperidine 450/50mg,5ac2861d-71e9-4488-bf29-449d555ddfcb,164cd72a-b50d-41f5-b534-7baff3e434b9,450/50mg,
345a7350-e076-474b-b4c2-8cb663c91e18,,Enalapril 5mg,d612ddcc-9d3b-4489-97e1-22893c9735df,fdbe907b-6abc-41dc-9599-2d84105e4063,5mg,
42ffb110-55a8-40e2-be2a-50aa8cd22ea3,,Furosemide 10mg/ml,9f6c3927-2a31-485c-8735-f10b9951aef9,16b302c7-715f-46cb-b328-c91afad4ccc8,10 mg/ml,
811c8fc6-f5da-44cc-b995-9f08afc6df02,,Genfibrozil 300mg,909ea570-031b-422e-b28d-17b7f492a1b9,164cd72a-b50d-41f5-b534-7baff3e434b9,300mg,
f0b26c45-7b49-4538-85c0-e4eaa41d370d,,Gentamicin 0.10%,9019b2e5-62fd-4238-b448-909a44f845ca,0689bb6e-9371-4a0f-ad1c-63c135b1714d,0.10%,
99822f50-b126-4311-8c1e-db511ba3aa34,,Glucosamine & chondroitin 500mg/400mg,1d47e474-4ae6-4e47-9b69-2ce6ed7399ac,fdbe907b-6abc-41dc-9599-2d84105e4063,500mg/400mg,
8fb6321e-a67b-4169-9ef5-ec5bc526727c,,Glucosamine & chondroitin & multivit 650mg,1d47e474-4ae6-4e47-9b69-2ce6ed7399ac,fdbe907b-6abc-41dc-9599-2d84105e4063,650mg,
b1e3cae0-b795-4f10-a9a9-48e92740f8b5,,Glycerin bb 0.9g,a90d51dd-bd38-4534-8ff6-d363d7f11fb0,ee68c384-e3d3-493b-937d-048ff58fb134,0.9g,
72466f43-e21f-4bbe-a397-73483411c8dd,,Griseofulvin 250mg/5ml,c9c0c627-7ba6-4880-a702-cfc985a296fa,4d6a51aa-1c18-4757-bc40-9d9f567e31b8,250mg/5ml,
37a9ae09-b093-4ec1-a90c-031d64d3a82a,,Hyoscine butylbromide 10mg/ml,44dbd31a-7c2d-422d-b584-004532e4aaff,4d6a51aa-1c18-4757-bc40-9d9f567e31b8,10mg/ml,
8172c6a7-223f-4741-9083-24e23014bf7f,,Ibuprofen & Paracetamol 262.5mg/5ml,46a9fa37-d6f2-4f72-8a16-c1a76008f508,4d6a51aa-1c18-4757-bc40-9d9f567e31b8,262.5mg/5ml,
1911c634-082f-40e2-8458-9042a223c3a3,,Johnson & Johnson covid 19 vaccine multidoses,0d4c670b-5107-4c4f-8bb8-0e564b54f980,bd1b2599-84d2-4f33-ba25-4f6d42d147a5,multidoses,
891527a4-8ba6-4b41-8fe9-9d121c5cb2ae,,Ketoconazole 2% Savon,73e9e187-7164-4e0a-bb36-0a7178406288,90a3f930-2eef-4a2e-8427-5359607c7b13,2%,
e6f49e70-b925-44a3-9d65-71a62a2d8a04,,Lisinopril 10mg,fe5a3fbb-4a2d-4ca0-9eda-737e17d96f52,fdbe907b-6abc-41dc-9599-2d84105e4063,10mg,
9519a3fd-647d-4cf9-8ce5-b8000dd13e39,,Lisinopril 20mg,fe5a3fbb-4a2d-4ca0-9eda-737e17d96f52,fdbe907b-6abc-41dc-9599-2d84105e4063,20mg,
62dfd4f7-235a-4570-ac7c-88147300163e,,Magnesium hydroxide 400mg/5ml,0bdba7cc-fcd1-41e1-8f79-6407d2835a78,4d6a51aa-1c18-4757-bc40-9d9f567e31b8,400mg/5ml,
d7bef4b0-c8ca-4c44-9fe2-499acd893acb,,Metoprolol 50mg,7dc18dde-ad3f-405a-be1e-8fc15a01cd91,fdbe907b-6abc-41dc-9599-2d84105e4063,50mg,
c05fc5b6-1bed-4961-82fa-c790a00e8f05,,Moderna covid 19 vaccine multidoses,b5a7051e-b3c0-4aa7-b4aa-9b5a3b64e1af,bd1b2599-84d2-4f33-ba25-4f6d42d147a5,multidoses,
253c29ec-de6c-48b9-a5ab-2800db465fb3,,Multivit & Fer gttes (pr neonato),bcf73538-3f39-4429-a30d-8499609942cd,7c46524c-a14f-43b6-b4b7-792cee31d8d5,,
ed53065e-0a23-4eb3-ae83-8fef9a106365,,Multivitamin & Fer,bcf73538-3f39-4429-a30d-8499609942cd,4d6a51aa-1c18-4757-bc40-9d9f567e31b8,,
22abeb17-8d75-4e61-a027-fa0f19e1b83d,,Neomycin-Bacitracin zinc-polymixin B 5400ui/3.5g,a1b11bd9-f344-432a-877e-c12784c1acc1,44fc6700-a545-419e-a6b3-b882b6fc455c,5400ui/3.5g,
af3f9ca4-37c5-404d-9c9b-b22b0584ed94,,Nifedepine 20mg,251a17f9-c229-4aee-9555-9bf7620b2a5a,fdbe907b-6abc-41dc-9599-2d84105e4063,20mg,
cb2002f2-cc46-4b01-aa75-dbb9331e3cde,,Nystatin & Zinc Oxyde,a30dc1f2-a26b-4bc0-90a4-e7eb7feea473,44fc6700-a545-419e-a6b3-b882b6fc455c,,
c5944a00-1e65-45e5-bff5-78fe39b06c5c,,Paracetamol 10mg/ml,9881091b-1802-4c62-8b80-a8fcb170b59f,bd1b2599-84d2-4f33-ba25-4f6d42d147a5,10mg/ml,
8dc9fcdc-b295-4c2f-ad4a-cc7328612cb9,,Pentoxyphillin 400mg,d644e9bd-7ae2-4ef3-b7b7-739816051213,fdbe907b-6abc-41dc-9599-2d84105e4063,400mg,
44319262-7fab-404f-b0f6-fceeb050fe83,,Permetrine 1%,6315c226-01f6-4c59-9332-74f5347c3ef7,0689bb6e-9371-4a0f-ad1c-63c135b1714d,1%,
85af3790-3429-43ba-8295-8821fbdcbb43,,Pfizer covid 19 vaccine 0.3ml/dose,0158e0b1-5fe4-4238-b06d-7fdede7b261a,bd1b2599-84d2-4f33-ba25-4f6d42d147a5,0.3ml/dose,
713ed568-43bd-4f6b-9f1d-12661fa80775,,Podophillin 0.15%,792871a0-4a52-4e5d-bdd2-4fd49d636227,44fc6700-a545-419e-a6b3-b882b6fc455c,0.15%,
6248877a-34ec-4481-a76c-eca9e94f4e25,,Potassium chloride 20meq/15ml,a5547d6c-7e42-4a50-94e2-8e6e73aa6afe,16b302c7-715f-46cb-b328-c91afad4ccc8,20meq/15ml,
255e4070-b718-4a6f-82f7-1d7ab89cc219,,Povidone iodine 10%,f7ae1d83-7687-45da-8327-8bf5532618e9,90a3f930-2eef-4a2e-8427-5359607c7b13,10%,
87cd02b9-f08f-4bac-8618-f733cda51081,,Povidone iodine 9%,f7ae1d83-7687-45da-8327-8bf5532618e9,90a3f930-2eef-4a2e-8427-5359607c7b13,9%,
64acfb5e-3345-4de6-9ba9-e5cff2108870,,Prednisolone 20mg,159bc783-b046-433f-93ef-9b33496f962e,fdbe907b-6abc-41dc-9599-2d84105e4063,20mg,
426c1740-f9a2-4ca5-957d-dfbdcbd03db1,,Propranolol,062fc7f6-3d11-409a-96f7-a60cd8a71a36,0689bb6e-9371-4a0f-ad1c-63c135b1714d,,
c96eb154-f5af-41bc-92a9-19e402b90e5b,,Salbutamol 4mg/5ml,9088359a-587f-4dbc-b13e-b3c38a07cd85,4d6a51aa-1c18-4757-bc40-9d9f567e31b8,4mg/5ml,
4e690d52-3e36-45c8-a3d3-af6d777a5426,,Silver sulfadiazine 1%,89e4c545-85af-4d9c-9e8c-c8e54f815cf0,0689bb6e-9371-4a0f-ad1c-63c135b1714d,1%,
3deec4fe-4a30-4ca5-8173-711f3a06ffac,,Simethicone 80mg,3fc5c46f-9c31-46ef-b96e-a12216f93a62,fdbe907b-6abc-41dc-9599-2d84105e4063,80mg,
cf63a9b7-565e-4f44-9288-e120b4d3d589,,Spironolactone 50mg,d4c72168-24b0-4d22-ba60-848e7c146333,fdbe907b-6abc-41dc-9599-2d84105e4063,50mg,
17844a70-1d2d-43a2-84e5-135ab455b6b9,,Vancomycin 500mg,41f47998-29ae-4f21-ad8c-32c50d0939f6,bd1b2599-84d2-4f33-ba25-4f6d42d147a5,500mg,
045d08d9-7205-497f-a2d8-1dc7f8b12826,,Vitamine A et D 50g,f2300d2e-7751-4504-aff4-7d8f68e14165,0689bb6e-9371-4a0f-ad1c-63c135b1714d,50g,
df0139c4-ae5d-48a6-aa94-2495e6653834,,Carbamazepine co 200g,aa367bfd-3846-4792-888d-32b13b13933b,fdbe907b-6abc-41dc-9599-2d84105e4063,200g,
089be2d2-1b2b-4e63-88bf-1eab528fcbb5,,Sous-Salicylate de bismuth 262mg/15ml,916e4268-45b9-4db4-b273-1d5b4a6539b3,4d6a51aa-1c18-4757-bc40-9d9f567e31b8,262mg/15ml,
f6430b8a-8cdf-4eae-a219-feeafc19757d,,Hydroxyurée 500mg,befb3cf7-b773-4bae-903f-7eeb62a7ab64,164cd72a-b50d-41f5-b534-7baff3e434b9,500mg,
4c422174-dd9b-4b43-9f7b-95608e6a4c92,,Phenoxy Penicillin 250mg,e140fc36-0987-4dcf-9854-e3fed9682c82,fdbe907b-6abc-41dc-9599-2d84105e4063,250mg,
5f46cf92-69d7-44f6-8cfa-09136345b2ac,,Phenoxy Penicillin 500mg,e140fc36-0987-4dcf-9854-e3fed9682c82,fdbe907b-6abc-41dc-9599-2d84105e4063,500mg,
e388bede-abbd-4b18-9b49-1a6dd745de58,,Phenoxy Penicillin 500mg,e140fc36-0987-4dcf-9854-e3fed9682c82,164cd72a-b50d-41f5-b534-7baff3e434b9,500mg,